Taxa,avg(ASE),sd(ASE),avg(PDC),sd(PDC),p.value,q.values,interval lower,interval upper,log2FoldChange,Combine ES
Acinetobacter,0.003978402,0.006632004,0.663626974,0.330458015,3.52E-05,0.017624553,0.476366881,0.819770977,-7.381679302,-1
Cupriavidus,0.172481958,0.2372735,2.48E-05,7.25E-05,0.00061648,0.132170376,-0.314274723,-0.053005896,12.70453234,0.777777778
Allorhizobium-Neorhizobium-Pararhizobium-Rhizobium,0.001759753,0.005949173,0.025885106,0.033278807,0.000791439,0.132170376,0.007189363,0.043638643,-3.877913388,-0.784722222
Staphylococcus,0.33231618,0.388063215,0.000117666,0.000350204,0.001342617,0.16816272,-0.563480252,-0.137037869,11.45144441,0.75
Kocuria,0.018119182,0.02607281,0,0,0.002855585,0.286129666,-0.033620568,-0.005032554,14.14530983,0.583333333
Microbacterium,0.001060297,0.001937017,0,0,0.007054102,0.419622346,-0.00227892,-0.000100506,10.05161278,0.5
Acetobacter,0.044357285,0.067773886,2.61E-06,9.06E-06,0.007297885,0.419622346,-0.081936578,-0.012325692,13.58300442,0.548611111
Escherichia-Shigella,0,0,0.001320469,0.004176901,0.016473156,0.419622346,7.84E-06,0.003834588,-10.3679264,-0.416666667
Porphyrobacter,0.002541575,0.006060181,0,0,0.016473156,0.419622346,-0.006497457,-0.000118973,11.3120747,0.416666667
Streptococcus,0.266993515,0.443610066,0.005360318,0.017484708,0.032847969,0.419622346,-0.515217518,-0.02091011,5.638078598,0.513888889
Sphingobium,0.001819893,0.004335777,0.053638479,0.091352414,0.03621102,0.419622346,0.007762623,0.105933709,-4.880576926,-0.486111111
Brevibacterium,0.000894258,0.001632081,0,0,0.036687443,0.419622346,-0.001877713,-4.45E-05,9.806159571,0.333333333
Coprococcus,0,0,4.71E-05,0.000116447,0.036687443,0.419622346,3.92E-06,0.000119006,-5.586951041,-0.333333333
Lawsonella,0.000758289,0.00167251,0,0,0.036687443,0.419622346,-0.00183166,-2.09E-05,9.568505073,0.333333333
Neisseria,0,0,0.013844002,0.04572216,0.036687443,0.419622346,3.92E-06,0.040528089,-13.75707761,-0.333333333
Schlegelella,0,0,0.000181728,0.000453197,0.036687443,0.419622346,6.54E-06,0.000444514,-7.513552747,-0.333333333
Aquabacterium,0.002485357,0.0045231,7.84E-06,2.72E-05,0.048464241,0.419622346,-0.00509495,-0.000432748,8.135058835,0.368055556
Chryseobacterium,0.004246418,0.009287585,9.15E-06,3.17E-05,0.048464241,0.419622346,-0.010029024,-0.00048622,8.708711992,0.368055556
Photobacterium,0.005930342,0.013198404,3.92E-06,1.36E-05,0.048464241,0.419622346,-0.013754412,-0.000128811,10.2348443,0.368055556
Agathobacter,0,0,0.000128125,0.00041942,0.078805602,0.419622346,0,0.000373915,-7.012620887,-0.25
Amycolatopsis,0,0,0.000109821,0.000342353,0.078805602,0.419622346,0,0.000309853,-6.792089412,-0.25
Blastococcus,0,0,3.66E-05,8.15E-05,0.078805602,0.419622346,0,8.89E-05,-5.232931216,-0.25
Brachybacterium,0.000137276,0.000259274,0,0,0.078805602,0.419622346,-0.000292856,0,7.111411509,0.25
Chelativorans,0,0,0.001499582,0.003856468,0.078805602,0.419622346,0,0.003709079,-10.55130609,-0.25
Dialister,0,0,9.02E-05,0.000269432,0.078805602,0.419622346,0,0.000252327,-6.511123724,-0.25
Fusobacterium,0,0,0.00053211,0.001704318,0.078805602,0.419622346,0,0.001553185,-9.058288384,-0.25
Holdemanella,0,0,6.14E-05,0.000175528,0.078805602,0.419622346,0,0.000166039,-5.964573005,-0.25
Jeotgalicoccus,0.000699456,0.002163034,0,0,0.078805602,0.419622346,-0.001978088,0,9.452150874,0.25
Ligilactobacillus,0,0,2.22E-05,5.24E-05,0.078805602,0.419622346,0,5.62E-05,-4.537650708,-0.25
Limosilactobacillus,0,0,2.88E-05,5.71E-05,0.078805602,0.419622346,0,6.28E-05,-4.895432619,-0.25
Parabacteroides,0,0,0.004102604,0.014029771,0.078805602,0.419622346,0,0.012217603,-12.00267592,-0.25
Porphyromonas,0,0,0.00164078,0.005402923,0.078805602,0.419622346,0,0.004770683,-10.68104532,-0.25
Romboutsia,0,0,1.96E-05,4.08E-05,0.078805602,0.419622346,0,4.45E-05,-4.365336953,-0.25
Scytonema_UTEX_2349,0,0,0.001259021,0.00419038,0.078805602,0.419622346,0,0.003685545,-10.29923209,-0.25
Streptomyces,0,0,0.003716923,0.012431034,0.078805602,0.419622346,0,0.010913281,-11.86028114,-0.25
Treponema,0,0,0.000128125,0.000377114,0.078805602,0.419622346,0,0.000350382,-7.012620887,-0.25
Veillonella,0,0,0.002891957,0.009571097,0.078805602,0.419622346,0,0.008537287,-11.49832912,-0.25
unidentified_Mitochondria,0,0,0.00366332,0.012640757,0.078805602,0.419622346,0,0.010963811,-11.83932968,-0.25
Corynebacterium,0.006078078,0.010099746,5.10E-05,0.000125354,0.083532656,0.419622346,-0.012014303,-0.000747307,6.869519139,0.388888889
Clostridium_sensu_stricto_1,6.54E-06,2.26E-05,0.000294164,0.000921605,0.132582982,0.419622346,-5.68E-19,0.000831536,-5.29138669,-0.263888889
Alloprevotella,1.96E-05,6.79E-05,0.00089818,0.002866824,0.154824078,0.419622346,-2.88E-05,0.002561284,-5.447129354,-0.25
Kallotenue,7.84E-06,1.83E-05,0,0,0.165823954,0.419622346,-1.96E-05,0,3.144759013,0.166666667
Pseudohongiella,0,0,1.57E-05,3.66E-05,0.165823954,0.419622346,0,3.92E-05,-4.06080274,-0.166666667
Tyzzerella,0,0,5.23E-06,1.22E-05,0.165823954,0.419622346,0,1.31E-05,-2.639134551,-0.166666667
Actinomyces,0,0,0.001150507,0.00384442,0.166224591,0.419622346,0,0.003375693,-10.1693078,-0.166666667
Aeromicrobium,0,0,0.000386989,0.000923017,0.166224591,0.419622346,0,0.000930865,-8.599871229,-0.166666667
Aeromonas,0,0,0.000139891,0.00036257,0.166224591,0.419622346,0,0.000358226,-7.138437948,-0.166666667
Allobaculum,0,0,1.70E-05,3.98E-05,0.166224591,0.419622346,0,4.18E-05,-4.169614798,-0.166666667
Aquicella,0,0,0.000607939,0.002004446,0.166224591,0.419622346,0,0.00179636,-9.25015272,-0.166666667
Arenimonas,0,0,0.000508577,0.001703333,0.166224591,0.419622346,0,0.001510041,-8.993154961,-0.166666667
Atopobium,0,0,0.000132047,0.000428635,0.166224591,0.419622346,0,0.000388296,-7.05579062,-0.166666667
Bifidobacterium,0,0,3.14E-05,9.07E-05,0.166224591,0.419622346,0,8.37E-05,-5.016918395,-0.166666667
Brevundimonas,0,0,0.000230101,0.00078239,0.166224591,0.419622346,0,0.00068246,-7.852382525,-0.166666667
Caldibacillus,0,0,2.22E-05,5.29E-05,0.166224591,0.419622346,0,5.23E-05,-4.537650708,-0.166666667
Capnocytophaga,0,0,8.11E-05,0.000239789,0.166224591,0.419622346,0,0.000219642,-6.358580292,-0.166666667
Catonella,0,0,5.36E-05,0.000180802,0.166224591,0.419622346,0,0.000158195,-5.770913058,-0.166666667
Cellulosimicrobium,1.31E-05,3.33E-05,0,0,0.166224591,0.419622346,-3.53E-05,0,3.814955002,0.166666667
Collinsella,0,0,9.15E-06,2.71E-05,0.166224591,0.419622346,0,2.48E-05,-3.343658299,-0.166666667
Dechloromonas,4.45E-05,0.000105738,0,0,0.166224591,0.419622346,-0.000107206,0,5.506253375,0.166666667
Dyadobacter,0,0,0.017576613,0.060537234,0.166224591,0.419622346,0,0.052637015,-14.10145158,-0.166666667
Ellin6067,0,0,0.000128125,0.000401428,0.166224591,0.419622346,0,0.000360841,-7.012620887,-0.166666667
Enterococcus,0,0,7.84E-06,2.27E-05,0.166224591,0.419622346,0,2.09E-05,-3.144759013,-0.166666667
Filifactor,0,0,0.000108514,0.000338307,0.166224591,0.419622346,0,0.000304623,-6.774968259,-0.166666667
Flavobacterium,0,0,0.003765297,0.01303843,0.166224591,0.419622346,0,0.011294582,-11.87893087,-0.166666667
Gemella,0,0,0.000235331,0.000744182,0.166224591,0.419622346,0,0.000667262,-7.88466527,-0.166666667
Helicobacter,4.45E-05,0.000131233,0,0,0.166224591,0.419622346,-0.000126817,0,5.506253375,0.166666667
Herpetosiphon,0,0,2.35E-05,6.81E-05,0.166224591,0.419622346,0,6.28E-05,-4.616657829,-0.166666667
Hydrogenobacter,7.98E-05,0.000271363,0,0,0.166224591,0.419622346,-0.000236638,0,6.335409508,0.166666667
Hydrogenophaga,0,0,0.000200031,0.000683107,0.166224591,0.419622346,0,0.000597479,-7.651276888,-0.166666667
Lachnoanaerobaculum,0,0,0.000113743,0.000360818,0.166224591,0.419622346,0,0.000332078,-6.842266511,-0.166666667
Lachnospira,0,0,4.05E-05,0.000107131,0.166224591,0.419622346,0,0.000111129,-5.376055334,-0.166666667
Leptotrichia,0,0,0.000149043,0.000506499,0.166224591,0.419622346,0,0.000441965,-7.22923208,-0.166666667
Meiothermus,0.000158195,0.000439206,0,0,0.166224591,0.419622346,-0.000409215,0,7.314648944,0.166666667
NK4A214_group,0,0,2.22E-05,7.22E-05,0.166224591,0.419622346,0,6.54E-05,-4.537650708,-0.166666667
Oceanobacillus,0,0,4.71E-05,0.000158166,0.166224591,0.419622346,0,0.000139891,-5.586951041,-0.166666667
Oribacterium,0,0,7.58E-05,0.000243585,0.166224591,0.419622346,0,0.000217028,-6.263576971,-0.166666667
Paludibaculum,0,0,2.48E-05,6.87E-05,0.166224591,0.419622346,0,6.93E-05,-4.691561961,-0.166666667
Paraclostridium,0,0,8.50E-05,0.000266117,0.166224591,0.419622346,0,0.000247098,-6.425940121,-0.166666667
Peptoniphilus,0,0,1.05E-05,2.79E-05,0.166224591,0.419622346,0,2.88E-05,-3.518429009,-0.166666667
Peptostreptococcus,0,0,0.000483736,0.00159829,0.166224591,0.419622346,0,0.00143029,-8.921055454,-0.166666667
Persicitalea,0,0,5.49E-05,0.00018056,0.166224591,0.419622346,0,0.000159502,-5.805049257,-0.166666667
Prevotella,0,0,0.000417059,0.00142021,0.166224591,0.419622346,0,0.001238103,-8.707562355,-0.166666667
Pseudoxanthomonas,0,0,0.000118973,0.000407219,0.166224591,0.419622346,0,0.000355644,-6.90656488,-0.166666667
Rubellimicrobium,0,0,6.54E-06,1.56E-05,0.166224591,0.419622346,0,1.57E-05,-2.913985247,-0.166666667
Salinibacter,9.94E-05,0.000320292,0,0,0.166224591,0.419622346,-0.000285175,0,6.649069192,0.166666667
Solobacterium,0,0,7.71E-05,0.000234756,0.166224591,0.419622346,0,0.000213105,-6.287920719,-0.166666667
Stenotrophomonas,0,0,0.000112436,0.000384575,0.166224591,0.419622346,0,0.000336,-6.825733963,-0.166666667
Subgroup_10,0,0,8.37E-05,0.000284948,0.166224591,0.419622346,0,0.000248405,-6.403834461,-0.166666667
Tepidimonas,0.001959785,0.00472194,0,0,0.166224591,0.419622346,-0.004672628,0,10.9372153,0.166666667
Thermaerobacter,0,0,0.000145121,0.00042167,0.166224591,0.419622346,0,0.000388296,-7.191017779,-0.166666667
Thermus,0.030883276,0.074929089,0,0,0.166224591,0.419622346,-0.073241554,0,14.91458488,0.166666667
Truepera,0,0,1.96E-05,5.87E-05,0.166224591,0.419622346,0,5.36E-05,-4.365336953,-0.166666667
Ureaplasma,0.002083987,0.005028687,0,0,0.166224591,0.419622346,-0.005156364,0,11.02582269,0.166666667
[Eubacterium]_eligens_group,0,0,3.92E-05,0.0001218,0.166224591,0.419622346,0,0.000109821,-5.32990713,-0.166666667
[Eubacterium]_hallii_group,0,0,3.14E-05,9.48E-05,0.166224591,0.419622346,0,8.63E-05,-5.016918395,-0.166666667
[Eubacterium]_nodatum_group,0,0,2.48E-05,8.12E-05,0.166224591,0.419622346,0,7.32E-05,-4.691561961,-0.166666667
[Eubacterium]_ruminantium_group,0,0,0.00016081,0.000537601,0.166224591,0.419622346,0,0.000471969,-7.338152848,-0.166666667
unidentified_Beijerinckiaceae,0,0,0.000234024,0.000565169,0.166224591,0.419622346,0,0.00055695,-7.876662054,-0.166666667
unidentified_Clostridia_UCG-014,0,0,1.18E-05,3.22E-05,0.166224591,0.419622346,0,3.01E-05,-3.674296985,-0.166666667
unidentified_SC-I-84,0,0,6.14E-05,0.000193939,0.166224591,0.419622346,0,0.000179113,-5.964573005,-0.166666667
Faecalibacterium,0.001588484,0.005502672,0.00028109,0.000797211,0.207632262,0.419622346,-0.004702829,0.000698378,2.494332287,-0.222222222
Gemmatimonas,2.09E-05,7.25E-05,0.000536032,0.001755416,0.286044782,0.419622346,-3.92E-05,0.001553185,-4.614798776,-0.173611111
Rothia,1.83E-05,6.34E-05,0.00117927,0.003753314,0.286044782,0.419622346,-1.83E-05,0.003400533,-5.934108759,-0.173611111
Ruminococcus,1.05E-05,3.62E-05,0.000111129,0.000298982,0.286044782,0.419622346,-1.05E-05,0.000278508,-3.290580753,-0.173611111
Lachnospiraceae_NK4A136_group,9.15E-06,3.17E-05,4.45E-05,0.000122411,0.328106341,0.419622346,-1.70E-05,0.000112469,-2.162595076,-0.159722222
Luteimonas,0.00071253,0.001956419,0.00012551,0.000434779,0.328106341,0.419622346,-0.001865652,0.000219642,2.495724127,0.159722222
1174-901-12,0.00049158,0.001702884,0,0,0.359317338,0.419622346,-0.001474741,0,8.944215351,0.083333333
Feb-21,0,0,2.61E-06,9.06E-06,0.359317338,0.419622346,0,7.84E-06,-1.853911537,-0.083333333
Abiotrophia,0,0,6.54E-06,2.26E-05,0.359317338,0.419622346,0,1.96E-05,-2.913985247,-0.083333333
Acholeplasma,0,0,5.23E-06,1.81E-05,0.359317338,0.419622346,0,1.57E-05,-2.639134551,-0.083333333
Achromobacter,0,0,3.92E-06,1.36E-05,0.359317338,0.419622346,0,1.18E-05,-2.299298552,-0.083333333
Acidipila-Silvibacterium,0,0,6.54E-06,2.26E-05,0.359317338,0.419622346,0,1.96E-05,-2.913985247,-0.083333333
Actinomadura,0,0,1.18E-05,4.08E-05,0.359317338,0.419622346,0,3.53E-05,-3.674296985,-0.083333333
Actinomycetospora,0,0,0.000628857,0.002178424,0.359317338,0.419622346,0,0.00188657,-9.298880087,-0.083333333
Aeribacillus,0,0,2.75E-05,9.51E-05,0.359317338,0.419622346,0,8.24E-05,-4.830624831,-0.083333333
Agromyces,0,0,7.19E-05,0.000249092,0.359317338,0.419622346,0,0.00021572,-6.187979582,-0.083333333
Alcaligenes,0,0,2.61E-06,9.06E-06,0.359317338,0.419622346,0,7.84E-06,-1.853911537,-0.083333333
Alistipes,0,0,5.23E-06,1.81E-05,0.359317338,0.419622346,0,1.57E-05,-2.639134551,-0.083333333
Altererythrobacter,0,0,1.83E-05,6.34E-05,0.359317338,0.419622346,0,5.49E-05,-4.270792396,-0.083333333
Alteromonas,0,0,5.23E-06,1.81E-05,0.359317338,0.419622346,0,1.57E-05,-2.639134551,-0.083333333
Alysiella,0,0,0.000162117,0.00056159,0.359317338,0.419622346,0,0.000486351,-7.349762748,-0.083333333
Ammoniphilus,0,0,5.23E-06,1.81E-05,0.359317338,0.419622346,0,1.57E-05,-2.639134551,-0.083333333
Anaerococcus,0,0,1.31E-06,4.53E-06,0.359317338,0.419622346,0,3.92E-06,-1.206264763,-0.083333333
Anaerofilum,0.000298086,0.0010326,0,0,0.359317338,0.419622346,-0.000894258,0,8.224416446,0.083333333
Anaeroglobus,0,0,7.84E-06,2.72E-05,0.359317338,0.419622346,0,2.35E-05,-3.144759013,-0.083333333
Anaeromyxobacter,0,0,7.84E-06,2.72E-05,0.359317338,0.419622346,0,2.35E-05,-3.144759013,-0.083333333
Anaerosporobacter,0,0,2.61E-06,9.06E-06,0.359317338,0.419622346,0,7.84E-06,-1.853911537,-0.083333333
Anaerostignum,0,0,7.84E-06,2.72E-05,0.359317338,0.419622346,0,2.35E-05,-3.144759013,-0.083333333
Anaerostipes,0,0,1.31E-05,4.53E-05,0.359317338,0.419622346,0,3.92E-05,-3.814955002,-0.083333333
Aneurinibacillus,0,0,1.05E-05,3.62E-05,0.359317338,0.419622346,0,3.14E-05,-3.518429009,-0.083333333
Angustibacter,0,0,3.92E-06,1.36E-05,0.359317338,0.419622346,0,1.18E-05,-2.299298552,-0.083333333
Apibacter,0,0,1.18E-05,4.08E-05,0.359317338,0.419622346,0,3.53E-05,-3.674296985,-0.083333333
Aquisphaera,0,0,9.15E-06,3.17E-05,0.359317338,0.419622346,0,2.75E-05,-3.343658299,-0.083333333
Asaccharospora,0,0,3.66E-05,0.000126811,0.359317338,0.419622346,0,0.000109821,-5.232931216,-0.083333333
Asticcacaulis,0,0,1.83E-05,6.34E-05,0.359317338,0.419622346,0,5.49E-05,-4.270792396,-0.083333333
Atopostipes,0,0,6.54E-06,2.26E-05,0.359317338,0.419622346,0,1.96E-05,-2.913985247,-0.083333333
Aurantimicrobium,0,0,3.01E-05,0.000104166,0.359317338,0.419622346,0,9.02E-05,-4.957453882,-0.083333333
Azoarcus,0,0,3.92E-05,0.000135868,0.359317338,0.419622346,0,0.000117666,-5.32990713,-0.083333333
Azospira,0,0,6.54E-06,2.26E-05,0.359317338,0.419622346,0,1.96E-05,-2.913985247,-0.083333333
Bacteriovorax,0,0,1.05E-05,3.62E-05,0.359317338,0.419622346,0,3.14E-05,-3.518429009,-0.083333333
Barnesiella,0,0,1.44E-05,4.98E-05,0.359317338,0.419622346,0,4.31E-05,-3.94310937,-0.083333333
Bartonella,0,0,6.54E-06,2.26E-05,0.359317338,0.419622346,0,1.96E-05,-2.913985247,-0.083333333
Bauldia,1.44E-05,4.98E-05,0,0,0.359317338,0.419622346,-4.31E-05,0,3.94310937,0.083333333
Bdellovibrio,5.23E-06,1.81E-05,0,0,0.359317338,0.419622346,-1.57E-05,0,2.639134551,0.083333333
Bergeyella,0,0,1.70E-05,5.89E-05,0.359317338,0.419622346,0,5.10E-05,-4.169614798,-0.083333333
Bosea,0,0,5.23E-06,1.81E-05,0.359317338,0.419622346,0,1.57E-05,-2.639134551,-0.083333333
Brachymonas,0,0,2.88E-05,9.96E-05,0.359317338,0.419622346,0,8.63E-05,-4.895432619,-0.083333333
Bradyrhizobium,0,0,0.00012028,0.000416663,0.359317338,0.419622346,0,0.000360841,-6.922201481,-0.083333333
Burkholderia-Caballeronia-Paraburkholderia,3.01E-05,0.000104166,0,0,0.359317338,0.419622346,-9.02E-05,0,4.957453882,0.083333333
Butyricicoccus,0.000308545,0.001068832,0,0,0.359317338,0.419622346,-0.000925635,0,8.274005958,0.083333333
CHKCI002,0.000474584,0.001644008,0,0,0.359317338,0.419622346,-0.001423753,0,8.893557123,0.083333333
CI75cm.2.12,0,0,1.31E-06,4.53E-06,0.359317338,0.419622346,0,3.92E-06,-1.206264763,-0.083333333
Campylobacter,0,0,6.54E-06,2.26E-05,0.359317338,0.419622346,0,1.96E-05,-2.913985247,-0.083333333
Candidatus_Accumulibacter,0,0,3.92E-06,1.36E-05,0.359317338,0.419622346,0,1.18E-05,-2.299298552,-0.083333333
Candidatus_Alysiosphaera,0,0,0.001120437,0.003881308,0.359317338,0.419622346,0,0.003361312,-10.13113311,-0.083333333
Candidatus_Aquiluna,0,0,2.09E-05,7.25E-05,0.359317338,0.419622346,0,6.28E-05,-4.454064921,-0.083333333
Candidatus_Chloroploca,0,0,3.92E-06,1.36E-05,0.359317338,0.419622346,0,1.18E-05,-2.299298552,-0.083333333
Candidatus_Competibacter,0,0,0.000223564,0.00077445,0.359317338,0.419622346,0,0.000670693,-7.810985945,-0.083333333
Candidatus_Nitrosopumilus,0,0,1.18E-05,4.08E-05,0.359317338,0.419622346,0,3.53E-05,-3.674296985,-0.083333333
Candidatus_Omnitrophus,0,0,3.92E-06,1.36E-05,0.359317338,0.419622346,0,1.18E-05,-2.299298552,-0.083333333
Candidatus_Ovatusbacter,0,0,7.84E-06,2.72E-05,0.359317338,0.419622346,0,2.35E-05,-3.144759013,-0.083333333
Candidatus_Protochlamydia,0,0,3.92E-06,1.36E-05,0.359317338,0.419622346,0,1.18E-05,-2.299298552,-0.083333333
Candidatus_Puniceispirillum,0,0,1.83E-05,6.34E-05,0.359317338,0.419622346,0,5.49E-05,-4.270792396,-0.083333333
Candidatus_Saccharimonas,0,0,1.70E-05,5.89E-05,0.359317338,0.419622346,0,5.10E-05,-4.169614798,-0.083333333
Candidatus_Solibacter,0,0,4.05E-05,0.000140397,0.359317338,0.419622346,0,0.000121588,-5.376055334,-0.083333333
Candidatus_Udaeobacter,0,0,1.83E-05,6.34E-05,0.359317338,0.419622346,0,5.49E-05,-4.270792396,-0.083333333
Caproiciproducens,0.000261479,0.00090579,0,0,0.359317338,0.419622346,-0.000784437,0,8.036057779,0.083333333
Cardiobacterium,0,0,3.92E-06,1.36E-05,0.359317338,0.419622346,0,1.18E-05,-2.299298552,-0.083333333
Carnimonas,0.00018565,0.000643111,0,0,0.359317338,0.419622346,-0.00055695,0,7.544191981,0.083333333
Catenibacterium,0,0,5.23E-06,1.81E-05,0.359317338,0.419622346,0,1.57E-05,-2.639134551,-0.083333333
Cerasicoccus,0,0,3.92E-06,1.36E-05,0.359317338,0.419622346,0,1.18E-05,-2.299298552,-0.083333333
Cetobacterium,0,0,5.23E-06,1.81E-05,0.359317338,0.419622346,0,1.57E-05,-2.639134551,-0.083333333
Chitinimonas,0,0,2.61E-06,9.06E-06,0.359317338,0.419622346,0,7.84E-06,-1.853911537,-0.083333333
Chitinophaga,3.53E-05,0.000122282,0,0,0.359317338,0.419622346,-0.000105899,0,5.181883925,0.083333333
Chloronema,0,0,2.61E-06,9.06E-06,0.359317338,0.419622346,0,7.84E-06,-1.853911537,-0.083333333
Christensenellaceae_R-7_group,0,0,1.44E-05,4.98E-05,0.359317338,0.419622346,0,4.31E-05,-3.94310937,-0.083333333
Chroococcidiopsis_SAG_2023,5.10E-05,0.000176629,0,0,0.359317338,0.419622346,-0.000152965,0,5.700117582,0.083333333
Chryseomicrobium,0,0,3.92E-06,1.36E-05,0.359317338,0.419622346,0,1.18E-05,-2.299298552,-0.083333333
Chthoniobacter,0,0,1.31E-06,4.53E-06,0.359317338,0.419622346,0,3.92E-06,-1.206264763,-0.083333333
Citrifermentans,0,0,2.61E-05,9.06E-05,0.359317338,0.419622346,0,7.84E-05,-4.762768299,-0.083333333
Clostridioides,0,0,5.23E-06,1.81E-05,0.359317338,0.419622346,0,1.57E-05,-2.639134551,-0.083333333
Clostridium_sensu_stricto_12,2.61E-06,9.06E-06,0,0,0.359317338,0.419622346,-7.84E-06,0,1.853911537,0.083333333
Clostridium_sensu_stricto_13,0,0,2.22E-05,7.70E-05,0.359317338,0.419622346,0,6.67E-05,-4.537650708,-0.083333333
Clostridium_sensu_stricto_2,0,0,5.88E-05,0.000203803,0.359317338,0.419622346,0,0.000176498,-5.902863663,-0.083333333
Clostridium_sensu_stricto_7,0,0,5.23E-06,1.81E-05,0.359317338,0.419622346,0,1.57E-05,-2.639134551,-0.083333333
Clostridium_sensu_stricto_9,0,0,1.05E-05,3.62E-05,0.359317338,0.419622346,0,3.14E-05,-3.518429009,-0.083333333
Cohnella,0,0,6.54E-06,2.26E-05,0.359317338,0.419622346,0,1.96E-05,-2.913985247,-0.083333333
Coprobacter,5.23E-06,1.81E-05,0,0,0.359317338,0.419622346,-1.57E-05,0,2.639134551,0.083333333
Coriobacteriaceae_UCG-003,0,0,1.18E-05,4.08E-05,0.359317338,0.419622346,0,3.53E-05,-3.674296985,-0.083333333
Craurococcus-Caldovatus,0.000256249,0.000887674,0,0,0.359317338,0.419622346,-0.000768748,0,8.007023601,0.083333333
Crossiella,0,0,5.23E-06,1.81E-05,0.359317338,0.419622346,0,1.57E-05,-2.639134551,-0.083333333
Cytophaga,0,0,5.23E-06,1.81E-05,0.359317338,0.419622346,0,1.57E-05,-2.639134551,-0.083333333
DNF00809,2.61E-06,9.06E-06,0,0,0.359317338,0.419622346,-7.84E-06,0,1.853911537,0.083333333
Defluviicoccus,0,0,0.000152965,0.000529887,0.359317338,0.419622346,0,0.000458896,-7.266460221,-0.083333333
Defluviitaleaceae_UCG-011,0,0,2.61E-06,9.06E-06,0.359317338,0.419622346,0,7.84E-06,-1.853911537,-0.083333333
Dellaglioa,0,0,5.23E-06,1.81E-05,0.359317338,0.419622346,0,1.57E-05,-2.639134551,-0.083333333
Desulfatiglans,0,0,3.92E-06,1.36E-05,0.359317338,0.419622346,0,1.18E-05,-2.299298552,-0.083333333
Desulfomonile,0,0,3.92E-06,1.36E-05,0.359317338,0.419622346,0,1.18E-05,-2.299298552,-0.083333333
Desulfosporosinus,0,0,1.31E-05,4.53E-05,0.359317338,0.419622346,0,3.92E-05,-3.814955002,-0.083333333
Devosia,0,0,7.84E-05,0.000271737,0.359317338,0.419622346,0,0.000235331,-6.311860502,-0.083333333
Dietzia,3.92E-06,1.36E-05,0,0,0.359317338,0.419622346,-1.18E-05,0,2.299298552,0.083333333
Dolosigranulum,0,0,9.15E-06,3.17E-05,0.359317338,0.419622346,0,2.75E-05,-3.343658299,-0.083333333
Dongia,0,0,5.23E-06,1.81E-05,0.359317338,0.419622346,0,1.57E-05,-2.639134551,-0.083333333
Dorea,0,0,1.70E-05,5.89E-05,0.359317338,0.419622346,0,5.10E-05,-4.169614798,-0.083333333
Duganella,0,0,4.71E-05,0.000163042,0.359317338,0.419622346,0,0.000141199,-5.586951041,-0.083333333
EBM-39,0,0,2.61E-06,9.06E-06,0.359317338,0.419622346,0,7.84E-06,-1.853911537,-0.083333333
Edaphobacter,0,0,2.61E-06,9.06E-06,0.359317338,0.419622346,0,7.84E-06,-1.853911537,-0.083333333
Edaphobaculum,0,0,6.54E-06,2.26E-05,0.359317338,0.419622346,0,1.96E-05,-2.913985247,-0.083333333
Emticicia,0,0,3.92E-06,1.36E-05,0.359317338,0.419622346,0,1.18E-05,-2.299298552,-0.083333333
Enorma,2.61E-06,9.06E-06,0,0,0.359317338,0.419622346,-7.84E-06,0,1.853911537,0.083333333
Erysipelatoclostridium,0.000100669,0.000348729,0,0,0.359317338,0.419622346,-0.000302008,0,6.66774152,0.083333333
Erythrobacter,0,0,8.76E-05,0.00030344,0.359317338,0.419622346,0,0.000262786,-6.469160537,-0.083333333
Exiguobacterium,0,0,4.71E-05,0.000163042,0.359317338,0.419622346,0,0.000141199,-5.586951041,-0.083333333
F0058,0,0,3.92E-06,1.36E-05,0.359317338,0.419622346,0,1.18E-05,-2.299298552,-0.083333333
F0332,0,0,3.92E-06,1.36E-05,0.359317338,0.419622346,0,1.18E-05,-2.299298552,-0.083333333
Family_XIII_UCG-001,0,0,1.31E-06,4.53E-06,0.359317338,0.419622346,0,3.92E-06,-1.206264763,-0.083333333
Ferruginibacter,0,0,7.58E-05,0.000262679,0.359317338,0.419622346,0,0.000227487,-6.263576971,-0.083333333
Fibrella,0,0,0.000128125,0.000443837,0.359317338,0.419622346,0,0.000384374,-7.012620887,-0.083333333
Fictibacillus,0,0,0.019287993,0.066815567,0.359317338,0.419622346,0,0.057863979,-14.2354902,-0.083333333
Filimonas,0,0,1.31E-06,4.53E-06,0.359317338,0.419622346,0,3.92E-06,-1.206264763,-0.083333333
Flavisolibacter,0,0,3.27E-05,0.000113224,0.359317338,0.419622346,0,9.81E-05,-5.074028638,-0.083333333
Flavitalea,0,0,5.23E-06,1.81E-05,0.359317338,0.419622346,0,1.57E-05,-2.639134551,-0.083333333
Fluviicola,0,0,1.31E-06,4.53E-06,0.359317338,0.419622346,0,3.92E-06,-1.206264763,-0.083333333
Fluviimonas,0,0,6.54E-06,2.26E-05,0.359317338,0.419622346,0,1.96E-05,-2.913985247,-0.083333333
Fretibacterium,0,0,2.22E-05,7.70E-05,0.359317338,0.419622346,0,6.67E-05,-4.537650708,-0.083333333
Fusicatenibacter,0.000624935,0.002164837,0,0,0.359317338,0.419622346,-0.001874804,0,9.289868186,0.083333333
GCA-900066575,0,0,1.31E-06,4.53E-06,0.359317338,0.419622346,0,3.92E-06,-1.206264763,-0.083333333
Gaiella,0,0,8.11E-05,0.000280795,0.359317338,0.419622346,0,0.000243175,-6.358580292,-0.083333333
Gardnerella,0,0,7.84E-06,2.72E-05,0.359317338,0.419622346,0,2.35E-05,-3.144759013,-0.083333333
Granulicatella,0,0,5.23E-06,1.81E-05,0.359317338,0.419622346,0,1.57E-05,-2.639134551,-0.083333333
Granulicella,0,0,1.05E-05,3.62E-05,0.359317338,0.419622346,0,3.14E-05,-3.518429009,-0.083333333
Gulbenkiania,1.83E-05,6.34E-05,0,0,0.359317338,0.419622346,-5.49E-05,0,4.270792396,0.083333333
Haemophilus,0,0,2.35E-05,8.15E-05,0.359317338,0.419622346,0,7.06E-05,-4.616657829,-0.083333333
Halomonas,0,0,5.23E-05,0.000181158,0.359317338,0.419622346,0,0.000156887,-5.735949533,-0.083333333
Herminiimonas,0,0,1.18E-05,4.08E-05,0.359317338,0.419622346,0,3.53E-05,-3.674296985,-0.083333333
Hydrogenispora,0,0,5.23E-06,1.81E-05,0.359317338,0.419622346,0,1.57E-05,-2.639134551,-0.083333333
Hymenobacter,0,0,2.61E-06,9.06E-06,0.359317338,0.419622346,0,7.84E-06,-1.853911537,-0.083333333
IMCC26207,0,0,2.75E-05,9.51E-05,0.359317338,0.419622346,0,8.24E-05,-4.830624831,-0.083333333
Iamia,0,0,0.000379144,0.001313395,0.359317338,0.419622346,0,0.001137433,-8.570403884,-0.083333333
Ignatzschineria,0,0,1.05E-05,3.62E-05,0.359317338,0.419622346,0,3.14E-05,-3.518429009,-0.083333333
Intestinimonas,0,0,5.23E-06,1.81E-05,0.359317338,0.419622346,0,1.57E-05,-2.639134551,-0.083333333
JCM_18997,0,0,7.84E-06,2.72E-05,0.359317338,0.419622346,0,2.35E-05,-3.144759013,-0.083333333
Janthinobacterium,4.97E-05,0.0001721,0,0,0.359317338,0.419622346,-0.000149043,0,5.663372964,0.083333333
Jatrophihabitans,0,0,2.35E-05,8.15E-05,0.359317338,0.419622346,0,7.06E-05,-4.616657829,-0.083333333
Johnsonella,0,0,6.54E-06,2.26E-05,0.359317338,0.419622346,0,1.96E-05,-2.913985247,-0.083333333
KCM-B-112,0,0,1.83E-05,6.34E-05,0.359317338,0.419622346,0,5.49E-05,-4.270792396,-0.083333333
Kordiimonas,0,0,1.31E-06,4.53E-06,0.359317338,0.419622346,0,3.92E-06,-1.206264763,-0.083333333
Kroppenstedtia,0,0,9.15E-06,3.17E-05,0.359317338,0.419622346,0,2.75E-05,-3.343658299,-0.083333333
Ktedonobacter,0,0,3.92E-06,1.36E-05,0.359317338,0.419622346,0,1.18E-05,-2.299298552,-0.083333333
LD29,0,0,2.48E-05,8.61E-05,0.359317338,0.419622346,0,7.45E-05,-4.691561961,-0.083333333
Lachnoclostridium,0,0,2.35E-05,8.15E-05,0.359317338,0.419622346,0,7.06E-05,-4.616657829,-0.083333333
Lachnospiraceae_ND3007_group,0,0,1.57E-05,5.43E-05,0.359317338,0.419622346,0,4.71E-05,-4.06080274,-0.083333333
Lachnospiraceae_UCG-004,0,0,6.54E-06,2.26E-05,0.359317338,0.419622346,0,1.96E-05,-2.913985247,-0.083333333
Lachnospiraceae_UCG-006,1.31E-06,4.53E-06,0,0,0.359317338,0.419622346,-3.92E-06,0,1.206264763,0.083333333
Lachnospiraceae_UCG-010,0,0,1.31E-06,4.53E-06,0.359317338,0.419622346,0,3.92E-06,-1.206264763,-0.083333333
Lacticaseibacillus,0,0,2.61E-06,9.06E-06,0.359317338,0.419622346,0,7.84E-06,-1.853911537,-0.083333333
Lacunisphaera,0,0,2.61E-06,9.06E-06,0.359317338,0.419622346,0,7.84E-06,-1.853911537,-0.083333333
Lautropia,0,0,2.88E-05,9.96E-05,0.359317338,0.419622346,0,8.63E-05,-4.895432619,-0.083333333
Lechevalieria,0,0,0.000129432,0.000448366,0.359317338,0.419622346,0,0.000388296,-7.027154801,-0.083333333
Legionella,0,0,1.44E-05,4.98E-05,0.359317338,0.419622346,0,4.31E-05,-3.94310937,-0.083333333
Lentimonas,0,0,6.54E-06,2.26E-05,0.359317338,0.419622346,0,1.96E-05,-2.913985247,-0.083333333
Lewinella,0,0,2.75E-05,9.51E-05,0.359317338,0.419622346,0,8.24E-05,-4.830624831,-0.083333333
Limnobacter,0,0,0.000916484,0.003174792,0.359317338,0.419622346,0,0.002749451,-9.841538609,-0.083333333
Luteolibacter,0,0,1.31E-06,4.53E-06,0.359317338,0.419622346,0,3.92E-06,-1.206264763,-0.083333333
Lysinibacillus,0,0,3.53E-05,0.000122282,0.359317338,0.419622346,0,0.000105899,-5.181883925,-0.083333333
Magnetococcus,0,0,3.92E-06,1.36E-05,0.359317338,0.419622346,0,1.18E-05,-2.299298552,-0.083333333
Marinobacterium,0,0,6.54E-06,2.26E-05,0.359317338,0.419622346,0,1.96E-05,-2.913985247,-0.083333333
Marivita,0,0,1.05E-05,3.62E-05,0.359317338,0.419622346,0,3.14E-05,-3.518429009,-0.083333333
Marmoricola,0,0,6.93E-05,0.000240034,0.359317338,0.419622346,0,0.000207876,-6.135286856,-0.083333333
Megamonas,0,0,1.31E-06,4.53E-06,0.359317338,0.419622346,0,3.92E-06,-1.206264763,-0.083333333
Megasphaera,0,0,1.57E-05,5.43E-05,0.359317338,0.419622346,0,4.71E-05,-4.06080274,-0.083333333
Melghirimyces,0.00046151,0.001598719,0,0,0.359317338,0.419622346,-0.001384531,0,8.853341691,0.083333333
Mesorhizobium,1.70E-05,5.89E-05,0,0,0.359317338,0.419622346,-5.10E-05,0,4.169614798,0.083333333
Methylobacillus,0,0,3.92E-06,1.36E-05,0.359317338,0.419622346,0,1.18E-05,-2.299298552,-0.083333333
Methylophilus,0,0,1.31E-06,4.53E-06,0.359317338,0.419622346,0,3.92E-06,-1.206264763,-0.083333333
Methyloversatilis,2.35E-05,8.15E-05,0,0,0.359317338,0.419622346,-7.06E-05,0,4.616657829,0.083333333
Microlunatus,5.23E-06,1.81E-05,0,0,0.359317338,0.419622346,-1.57E-05,0,2.639134551,0.083333333
Micromonospora,0,0,6.54E-06,2.26E-05,0.359317338,0.419622346,0,1.96E-05,-2.913985247,-0.083333333
Micropepsis,6.54E-06,2.26E-05,0,0,0.359317338,0.419622346,-1.96E-05,0,2.913985247,0.083333333
Micropruina,0.000457588,0.001585132,0,0,0.359317338,0.419622346,-0.001372764,0,8.841055166,0.083333333
Microvirga,0,0,1.31E-05,4.53E-05,0.359317338,0.419622346,0,3.92E-05,-3.814955002,-0.083333333
Mycobacterium,0,0,4.31E-05,0.000149455,0.359317338,0.419622346,0,0.000129432,-5.464146195,-0.083333333
Nakamurella,0,0,2.61E-06,9.06E-06,0.359317338,0.419622346,0,7.84E-06,-1.853911537,-0.083333333
Neo-b11,0,0,2.61E-06,9.06E-06,0.359317338,0.419622346,0,7.84E-06,-1.853911537,-0.083333333
Nodosilinea_PCC-7104,0,0,6.93E-05,0.000240034,0.359317338,0.419622346,0,0.000207876,-6.135286856,-0.083333333
Nonomuraea,0,0,2.22E-05,7.70E-05,0.359317338,0.419622346,0,6.67E-05,-4.537650708,-0.083333333
OLB13,0,0,9.15E-06,3.17E-05,0.359317338,0.419622346,0,2.75E-05,-3.343658299,-0.083333333
Occallatibacter,0,0,3.92E-06,1.36E-05,0.359317338,0.419622346,0,1.18E-05,-2.299298552,-0.083333333
Ochrobactrum,1.05E-05,3.62E-05,0,0,0.359317338,0.419622346,-3.14E-05,0,3.518429009,0.083333333
Odoribacter,0.001346616,0.004664816,0,0,0.359317338,0.419622346,-0.004039849,0,10.39619424,0.083333333
Ohtaekwangia,0,0,6.54E-06,2.26E-05,0.359317338,0.419622346,0,1.96E-05,-2.913985247,-0.083333333
Oligoflexus,0,0,2.61E-06,9.06E-06,0.359317338,0.419622346,0,7.84E-06,-1.853911537,-0.083333333
Opitutus,0,0,2.61E-05,9.06E-05,0.359317338,0.419622346,0,7.84E-05,-4.762768299,-0.083333333
P3OB-42,0,0,2.61E-06,9.06E-06,0.359317338,0.419622346,0,7.84E-06,-1.853911537,-0.083333333
Paenarthrobacter,0,0,1.31E-06,4.53E-06,0.359317338,0.419622346,0,3.92E-06,-1.206264763,-0.083333333
Pajaroellobacter,0,0,1.70E-05,5.89E-05,0.359317338,0.419622346,0,5.10E-05,-4.169614798,-0.083333333
Pantoea,0.000271938,0.000942021,0,0,0.359317338,0.419622346,-0.000815814,0,8.092429891,0.083333333
Parvimonas,0,0,5.62E-05,0.000194745,0.359317338,0.419622346,0,0.000168654,-5.83839638,-0.083333333
Patulibacter,2.61E-06,9.06E-06,0,0,0.359317338,0.419622346,-7.84E-06,0,1.853911537,0.083333333
Pedobacter,0,0,0.000154273,0.000534416,0.359317338,0.419622346,0,0.000462818,-7.278659139,-0.083333333
Pedococcus-Phycicoccus,2.35E-05,8.15E-05,0,0,0.359317338,0.419622346,-7.06E-05,0,4.616657829,0.083333333
Pedomicrobium,0,0,3.92E-06,1.36E-05,0.359317338,0.419622346,0,1.18E-05,-2.299298552,-0.083333333
Peptococcus,0,0,7.84E-06,2.72E-05,0.359317338,0.419622346,0,2.35E-05,-3.144759013,-0.083333333
Peredibacter,0,0,1.31E-06,4.53E-06,0.359317338,0.419622346,0,3.92E-06,-1.206264763,-0.083333333
Phaeodactylibacter,0,0,9.15E-06,3.17E-05,0.359317338,0.419622346,0,2.75E-05,-3.343658299,-0.083333333
Pir3_lineage,0,0,2.61E-06,9.06E-06,0.359317338,0.419622346,0,7.84E-06,-1.853911537,-0.083333333
Pir4_lineage,0,0,9.15E-06,3.17E-05,0.359317338,0.419622346,0,2.75E-05,-3.343658299,-0.083333333
Polaromonas,0,0,2.88E-05,9.96E-05,0.359317338,0.419622346,0,8.63E-05,-4.895432619,-0.083333333
Polycyclovorans,0,0,2.61E-06,9.06E-06,0.359317338,0.419622346,0,7.84E-06,-1.853911537,-0.083333333
Polynucleobacter,0,0,8.76E-05,0.00030344,0.359317338,0.419622346,0,0.000262786,-6.469160537,-0.083333333
Promicromonospora,0,0,3.92E-06,1.36E-05,0.359317338,0.419622346,0,1.18E-05,-2.299298552,-0.083333333
Prosthecobacter,0,0,5.23E-06,1.81E-05,0.359317338,0.419622346,0,1.57E-05,-2.639134551,-0.083333333
Proteus,0,0,0.000317697,0.001100534,0.359317338,0.419622346,0,0.000953091,-8.316041147,-0.083333333
Pseudarcicella,0,0,7.06E-05,0.000244563,0.359317338,0.419622346,0,0.000211798,-6.161873773,-0.083333333
Pseudoflavitalea,0,0,3.92E-06,1.36E-05,0.359317338,0.419622346,0,1.18E-05,-2.299298552,-0.083333333
Pseudofulvimonas,0,0,2.61E-06,9.06E-06,0.359317338,0.419622346,0,7.84E-06,-1.853911537,-0.083333333
Pseudonocardia,0,0,1.31E-05,4.53E-05,0.359317338,0.419622346,0,3.92E-05,-3.814955002,-0.083333333
Pseudopropionibacterium,0.000248405,0.0008605,0,0,0.359317338,0.419622346,-0.000745215,0,7.962346454,0.083333333
Psychrilyobacter,0,0,1.31E-06,4.53E-06,0.359317338,0.419622346,0,3.92E-06,-1.206264763,-0.083333333
Psychrobacter,9.67E-05,0.000335142,0,0,0.359317338,0.419622346,-0.000290242,0,6.610983504,0.083333333
Puia,1.31E-05,4.53E-05,0,0,0.359317338,0.419622346,-3.92E-05,0,3.814955002,0.083333333
Pyrinomonas,9.15E-06,3.17E-05,0,0,0.359317338,0.419622346,-2.75E-05,0,3.343658299,0.083333333
RBG-16-58-14,0,0,2.61E-06,9.06E-06,0.359317338,0.419622346,0,7.84E-06,-1.853911537,-0.083333333
Reyranella,0,0,2.22E-05,7.70E-05,0.359317338,0.419622346,0,6.67E-05,-4.537650708,-0.083333333
Rheinheimera,0,0,9.15E-06,3.17E-05,0.359317338,0.419622346,0,2.75E-05,-3.343658299,-0.083333333
Rhodomicrobium,0,0,3.92E-06,1.36E-05,0.359317338,0.419622346,0,1.18E-05,-2.299298552,-0.083333333
Rhodopirellula,0,0,6.54E-06,2.26E-05,0.359317338,0.419622346,0,1.96E-05,-2.913985247,-0.083333333
Rhodoplanes,0,0,6.54E-06,2.26E-05,0.359317338,0.419622346,0,1.96E-05,-2.913985247,-0.083333333
Rodentibacter,0,0,2.61E-06,9.06E-06,0.359317338,0.419622346,0,7.84E-06,-1.853911537,-0.083333333
Roseburia,0,0,1.57E-05,5.43E-05,0.359317338,0.419622346,0,4.71E-05,-4.06080274,-0.083333333
Roseiarcus,0,0,6.54E-06,2.26E-05,0.359317338,0.419622346,0,1.96E-05,-2.913985247,-0.083333333
Roseisolibacter,0,0,3.14E-05,0.000108695,0.359317338,0.419622346,0,9.41E-05,-5.016918395,-0.083333333
Roseomonas,5.23E-06,1.81E-05,0,0,0.359317338,0.419622346,-1.57E-05,0,2.639134551,0.083333333
Rubrivirga,0,0,1.57E-05,5.43E-05,0.359317338,0.419622346,0,4.71E-05,-4.06080274,-0.083333333
SCGC_AAA164-E04,0,0,5.23E-06,1.81E-05,0.359317338,0.419622346,0,1.57E-05,-2.639134551,-0.083333333
SH-PL14,0,0,1.31E-05,4.53E-05,0.359317338,0.419622346,0,3.92E-05,-3.814955002,-0.083333333
SM1A02,0,0,6.54E-06,2.26E-05,0.359317338,0.419622346,0,1.96E-05,-2.913985247,-0.083333333
Sandaracinus,0,0,1.31E-06,4.53E-06,0.359317338,0.419622346,0,3.92E-06,-1.206264763,-0.083333333
Scardovia,0,0,1.96E-05,6.79E-05,0.359317338,0.419622346,0,5.88E-05,-4.365336953,-0.083333333
Schlesneria,0,0,3.92E-06,1.36E-05,0.359317338,0.419622346,0,1.18E-05,-2.299298552,-0.083333333
Sediminibacterium,0,0,7.84E-06,2.72E-05,0.359317338,0.419622346,0,2.35E-05,-3.144759013,-0.083333333
Selenomonas,0,0,7.71E-05,0.000267208,0.359317338,0.419622346,0,0.000231409,-6.287920719,-0.083333333
Serratia,3.40E-05,0.000117753,0,0,0.359317338,0.419622346,-0.000101977,0,5.128963949,0.083333333
Shewanella,9.15E-06,3.17E-05,0,0,0.359317338,0.419622346,-2.75E-05,0,3.343658299,0.083333333
Shuttleworthia,0,0,7.84E-06,2.72E-05,0.359317338,0.419622346,0,2.35E-05,-3.144759013,-0.083333333
Silvanigrella,0,0,9.94E-05,0.0003442,0.359317338,0.419622346,0,0.000298086,-6.649069192,-0.083333333
Sinibacillus,5.23E-06,1.81E-05,0,0,0.359317338,0.419622346,-1.57E-05,0,2.639134551,0.083333333
Snodgrassella,0,0,3.53E-05,0.000122282,0.359317338,0.419622346,0,0.000105899,-5.181883925,-0.083333333
Sphingorhabdus,0,0,0.000197417,0.000683871,0.359317338,0.419622346,0,0.00059225,-7.632388834,-0.083333333
Spirochaeta,0,0,2.61E-06,9.06E-06,0.359317338,0.419622346,0,7.84E-06,-1.853911537,-0.083333333
Spirosoma,6.01E-05,0.000208332,0,0,0.359317338,0.419622346,-0.00018042,0,5.93404825,0.083333333
Sporobacter,0,0,1.31E-06,4.53E-06,0.359317338,0.419622346,0,3.92E-06,-1.206264763,-0.083333333
Stenotrophobacter,0,0,5.23E-06,1.81E-05,0.359317338,0.419622346,0,1.57E-05,-2.639134551,-0.083333333
Steroidobacter,0,0,1.57E-05,5.43E-05,0.359317338,0.419622346,0,4.71E-05,-4.06080274,-0.083333333
Sutterella,0,0,1.31E-06,4.53E-06,0.359317338,0.419622346,0,3.92E-06,-1.206264763,-0.083333333
Sva0996_marine_group,0,0,3.92E-06,1.36E-05,0.359317338,0.419622346,0,1.18E-05,-2.299298552,-0.083333333
Synechococcus_CC9902,0,0,2.61E-06,9.06E-06,0.359317338,0.419622346,0,7.84E-06,-1.853911537,-0.083333333
Syntrophorhabdus,0,0,2.61E-06,9.06E-06,0.359317338,0.419622346,0,7.84E-06,-1.853911537,-0.083333333
TM7x,0,0,9.28E-05,0.000321555,0.359317338,0.419622346,0,0.000278475,-6.551900761,-0.083333333
Tahibacter,0,0,2.09E-05,7.25E-05,0.359317338,0.419622346,0,6.28E-05,-4.454064921,-0.083333333
Tannerella,0,0,1.70E-05,5.89E-05,0.359317338,0.419622346,0,5.10E-05,-4.169614798,-0.083333333
Tellurimicrobium,0,0,6.54E-06,2.26E-05,0.359317338,0.419622346,0,1.96E-05,-2.913985247,-0.083333333
Tenacibaculum,0.000303316,0.001050716,0,0,0.359317338,0.419622346,-0.000909947,0,8.249424258,0.083333333
Tepidimicrobium,0,0,2.61E-06,9.06E-06,0.359317338,0.419622346,0,7.84E-06,-1.853911537,-0.083333333
Terrimonas,0,0,9.15E-06,3.17E-05,0.359317338,0.419622346,0,2.75E-05,-3.343658299,-0.083333333
Thermoanaerobaculum,0,0,2.61E-06,9.06E-06,0.359317338,0.419622346,0,7.84E-06,-1.853911537,-0.083333333
Thermobispora,0,0,9.15E-06,3.17E-05,0.359317338,0.419622346,0,2.75E-05,-3.343658299,-0.083333333
Thermomicrobium,0.000227487,0.000788037,0,0,0.359317338,0.419622346,-0.00068246,0,7.835966156,0.083333333
Thiobacillus,0,0,0.00012028,0.000416663,0.359317338,0.419622346,0,0.000360841,-6.922201481,-0.083333333
Tolypothrix,0,0,7.84E-06,2.72E-05,0.359317338,0.419622346,0,2.35E-05,-3.144759013,-0.083333333
Tumebacillus,0,0,2.61E-06,9.06E-06,0.359317338,0.419622346,0,7.84E-06,-1.853911537,-0.083333333
Tundrisphaera,0,0,3.92E-06,1.36E-05,0.359317338,0.419622346,0,1.18E-05,-2.299298552,-0.083333333
Turicibacter,0,0,2.35E-05,8.15E-05,0.359317338,0.419622346,0,7.06E-05,-4.616657829,-0.083333333
Tychonema_CCAP_1459-11B,0,0,8.76E-05,0.00030344,0.359317338,0.419622346,0,0.000262786,-6.469160537,-0.083333333
UCG-002,0,0,0.000152965,0.000529887,0.359317338,0.419622346,0,0.000458896,-7.266460221,-0.083333333
UCG-003,0,0,1.57E-05,5.43E-05,0.359317338,0.419622346,0,4.71E-05,-4.06080274,-0.083333333
UCG-004,0,0,3.92E-06,1.36E-05,0.359317338,0.419622346,0,1.18E-05,-2.299298552,-0.083333333
Uliginosibacterium,0,0,2.61E-06,9.06E-06,0.359317338,0.419622346,0,7.84E-06,-1.853911537,-0.083333333
Undibacterium,0,0,0.000111129,0.000384961,0.359317338,0.419622346,0,0.000333386,-6.809009762,-0.083333333
Vagococcus,0,0,6.54E-06,2.26E-05,0.359317338,0.419622346,0,1.96E-05,-2.913985247,-0.083333333
Verruc-01,0,0,3.92E-06,1.36E-05,0.359317338,0.419622346,0,1.18E-05,-2.299298552,-0.083333333
Verticiella,3.66E-05,0.000126811,0,0,0.359317338,0.419622346,-0.000109821,0,5.232931216,0.083333333
Vulcaniibacterium,0,0,1.05E-05,3.62E-05,0.359317338,0.419622346,0,3.14E-05,-3.518429009,-0.083333333
Weissella,0,0,1.31E-06,4.53E-06,0.359317338,0.419622346,0,3.92E-06,-1.206264763,-0.083333333
Winogradskyella,0,0,1.31E-06,4.53E-06,0.359317338,0.419622346,0,3.92E-06,-1.206264763,-0.083333333
Woeseia,0,0,1.96E-05,6.79E-05,0.359317338,0.419622346,0,5.88E-05,-4.365336953,-0.083333333
Wolinella,0,0,3.92E-06,1.36E-05,0.359317338,0.419622346,0,1.18E-05,-2.299298552,-0.083333333
YC-ZSS-LKJ147,0,0,2.61E-06,9.06E-06,0.359317338,0.419622346,0,7.84E-06,-1.853911537,-0.083333333
[Eubacterium]_brachy_group,0,0,7.84E-06,2.72E-05,0.359317338,0.419622346,0,2.35E-05,-3.144759013,-0.083333333
[Eubacterium]_saphenum_group,0,0,5.23E-06,1.81E-05,0.359317338,0.419622346,0,1.57E-05,-2.639134551,-0.083333333
[Eubacterium]_ventriosum_group,0,0,3.92E-06,1.36E-05,0.359317338,0.419622346,0,1.18E-05,-2.299298552,-0.083333333
[Eubacterium]_yurii_group,0,0,1.05E-05,3.62E-05,0.359317338,0.419622346,0,3.14E-05,-3.518429009,-0.083333333
[Ruminococcus]_gauvreauii_group,0,0,7.84E-06,2.72E-05,0.359317338,0.419622346,0,2.35E-05,-3.144759013,-0.083333333
[Ruminococcus]_gnavus_group,0,0,7.84E-06,2.72E-05,0.359317338,0.419622346,0,2.35E-05,-3.144759013,-0.083333333
mle1-7,0,0,6.54E-06,2.26E-05,0.359317338,0.419622346,0,1.96E-05,-2.913985247,-0.083333333
possible_genus_04,0,0,0.000105899,0.000366845,0.359317338,0.419622346,0,0.000317697,-6.740104069,-0.083333333
unidentified_Absconditabacteriales_(SR1),0,0,7.84E-06,2.72E-05,0.359317338,0.419622346,0,2.35E-05,-3.144759013,-0.083333333
unidentified_Actinomarinales,0,0,6.54E-06,2.26E-05,0.359317338,0.419622346,0,1.96E-05,-2.913985247,-0.083333333
unidentified_Alphaproteobacteria,0,0,5.23E-06,1.81E-05,0.359317338,0.419622346,0,1.57E-05,-2.639134551,-0.083333333
unidentified_Anaerolineaceae,0,0,7.84E-06,2.72E-05,0.359317338,0.419622346,0,2.35E-05,-3.144759013,-0.083333333
unidentified_Bacteroidales_RF16_group,0,0,1.31E-06,4.53E-06,0.359317338,0.419622346,0,3.92E-06,-1.206264763,-0.083333333
unidentified_Bathyarchaeia,0,0,2.09E-05,7.25E-05,0.359317338,0.419622346,0,6.28E-05,-4.454064921,-0.083333333
unidentified_Caloramatoraceae,0,0,5.23E-06,1.81E-05,0.359317338,0.419622346,0,1.57E-05,-2.639134551,-0.083333333
unidentified_Candidatus_Azambacteria,0,0,2.61E-06,9.06E-06,0.359317338,0.419622346,0,7.84E-06,-1.853911537,-0.083333333
unidentified_Caulobacteraceae,0,0,7.84E-06,2.72E-05,0.359317338,0.419622346,0,2.35E-05,-3.144759013,-0.083333333
unidentified_Cyclobacteriaceae,0,0,6.54E-06,2.26E-05,0.359317338,0.419622346,0,1.96E-05,-2.913985247,-0.083333333
unidentified_Desulfobacterota,0,0,1.31E-06,4.53E-06,0.359317338,0.419622346,0,3.92E-06,-1.206264763,-0.083333333
unidentified_Diplorickettsiaceae,0,0,4.58E-05,0.000158513,0.359317338,0.419622346,0,0.000137276,-5.547166366,-0.083333333
unidentified_Elsterales,0,0,1.31E-06,4.53E-06,0.359317338,0.419622346,0,3.92E-06,-1.206264763,-0.083333333
unidentified_F082,0,0,6.54E-06,2.26E-05,0.359317338,0.419622346,0,1.96E-05,-2.913985247,-0.083333333
unidentified_Gammaproteobacteria,0,0,1.44E-05,4.98E-05,0.359317338,0.419622346,0,4.31E-05,-3.94310937,-0.083333333
unidentified_Isosphaeraceae,0,0,1.31E-06,4.53E-06,0.359317338,0.419622346,0,3.92E-06,-1.206264763,-0.083333333
unidentified_Kapabacteriales,0.000141199,0.000489126,0,0,0.359317338,0.419622346,-0.000423596,0,7.151763648,0.083333333
unidentified_Methyloligellaceae,0,0,1.18E-05,4.08E-05,0.359317338,0.419622346,0,3.53E-05,-3.674296985,-0.083333333
unidentified_PAUC43f_marine_benthic_group,0,0,1.31E-06,4.53E-06,0.359317338,0.419622346,0,3.92E-06,-1.206264763,-0.083333333
unidentified_Paracaedibacteraceae,0,0,1.70E-05,5.89E-05,0.359317338,0.419622346,0,5.10E-05,-4.169614798,-0.083333333
unidentified_Pseudonocardiaceae,0,0,1.31E-06,4.53E-06,0.359317338,0.419622346,0,3.92E-06,-1.206264763,-0.083333333
unidentified_Ruminococcaceae,0.000142506,0.000493655,0,0,0.359317338,0.419622346,-0.000427518,0,7.164967388,0.083333333
unidentified_SAR116_clade,0,0,3.92E-06,1.36E-05,0.359317338,0.419622346,0,1.18E-05,-2.299298552,-0.083333333
unidentified_SAR324_clade(Marine_group_B),0.00015035,0.000520829,0,0,0.359317338,0.419622346,-0.000451051,0,7.241748504,0.083333333
unidentified_SAR86_clade,0,0,0.000128125,0.000443837,0.359317338,0.419622346,0,0.000384374,-7.012620887,-0.083333333
unidentified_SJA-28,0,0,6.54E-06,2.26E-05,0.359317338,0.419622346,0,1.96E-05,-2.913985247,-0.083333333
unidentified_Saccharimonadales,0,0,2.09E-05,7.25E-05,0.359317338,0.419622346,0,6.28E-05,-4.454064921,-0.083333333
unidentified_Sandaracinaceae,0,0,7.84E-06,2.72E-05,0.359317338,0.419622346,0,2.35E-05,-3.144759013,-0.083333333
unidentified_Subgroup_2,0,0,2.35E-05,8.15E-05,0.359317338,0.419622346,0,7.06E-05,-4.616657829,-0.083333333
unidentified_TK10,0,0,6.54E-06,2.26E-05,0.359317338,0.419622346,0,1.96E-05,-2.913985247,-0.083333333
unidentified_Thermodesulfovibrionia,0,0,2.61E-06,9.06E-06,0.359317338,0.419622346,0,7.84E-06,-1.853911537,-0.083333333
unidentified_WD2101_soil_group,7.06E-05,0.000244563,0,0,0.359317338,0.419622346,-0.000211798,0,6.161873773,0.083333333
unidentified_mle1-27,0,0,5.23E-06,1.81E-05,0.359317338,0.419622346,0,1.57E-05,-2.639134551,-0.083333333
Vibrio,0.007406391,0.019490346,0.003566573,0.012320407,0.371154896,0.432438611,-0.016705071,0.008728232,1.054022641,0.1875
Massilia,0.001708765,0.003566723,0.052344159,0.180910865,0.425509393,0.493472699,-0.003013414,0.156515761,-4.936186347,0.152777778
Prevotella_9,0.00019088,0.000632162,0.000984468,0.003336418,0.425509393,0.493472699,-0.000508642,0.002901141,-2.360607797,-0.152777778
Bacillus,0.005953875,0.012710442,0.001792438,0.004964709,0.431508969,0.499274812,-0.012534156,0.002450875,1.731343358,0.180555556
Nocardioides,0.000797511,0.001787087,0.001612018,0.005539803,0.448653571,0.517915758,-0.00152318,0.004437395,-1.014378472,0.159722222
UCG-005,0.000505962,0.001732969,3.66E-05,0.000104568,0.470740135,0.542162776,-0.001503504,7.06E-05,3.752801787,0.138888889
Acidovorax,0.000755674,0.002459198,2.61E-05,9.06E-05,0.513856434,0.582448129,-0.002180734,5.23E-05,4.800759941,0.097222222
Family_XIII_AD3011_group,2.61E-06,9.06E-06,1.96E-05,4.88E-05,0.513856434,0.582448129,-5.23E-06,4.58E-05,-2.511425417,-0.097222222
Gemmata,0.000447129,0.00145289,1.31E-06,4.53E-06,0.513856434,0.582448129,-0.001289091,2.61E-06,7.601505394,0.097222222
Lactococcus,0.009179218,0.021856802,2.61E-06,9.06E-06,0.513856434,0.582448129,-0.022115887,2.68E-06,11.31040111,0.097222222
Paenibacillus,1.05E-05,3.62E-05,6.01E-05,0.000161779,0.513856434,0.582448129,-2.09E-05,0.000145219,-2.415619241,-0.097222222
Paracoccus,5.23E-06,1.81E-05,3.14E-05,8.70E-05,0.513856434,0.582448129,-1.05E-05,8.11E-05,-2.377783844,-0.097222222
Sphingopyxis,2.61E-06,9.06E-06,0.003244953,0.011226035,0.513856434,0.582448129,-5.23E-06,0.009730938,-9.810515062,-0.097222222
Lactobacillus,0.002251334,0.005279544,0.011627968,0.027315197,0.519058916,0.585822676,-0.002981906,0.025670595,-2.368230652,-0.145833333
unidentified_Chloroplast,0.002491894,0.005492238,0.000130739,0.000342963,0.519172192,0.585822676,-0.005739495,-0.000180192,4.242062155,0.145833333
Akkermansia,3.92E-06,1.36E-05,9.15E-06,2.16E-05,0.546493595,0.615265823,-7.84E-06,1.83E-05,-1.044359747,-0.090277778
Sphingomonas,0.002354618,0.004538015,0.002375536,0.006453197,0.549853506,0.617660552,-0.003996869,0.0047799,-0.012754845,-0.138888889
Anoxybacillus,6.28E-05,0.000217389,0.00018042,0.00058658,0.580669526,0.643618214,-0.000167347,0.000520343,-1.508728071,-0.083333333
Colidextribacter,0.000237946,0.00081934,1.18E-05,4.08E-05,0.580669526,0.643618214,-0.000711223,2.35E-05,4.226242744,0.083333333
Prevotella_7,7.98E-05,0.000276266,0.001660391,0.005576264,0.580669526,0.643618214,-0.000159502,0.004839975,-4.36276657,-0.083333333
Ralstonia,0.00086288,0.00295469,6.14E-05,0.000212861,0.580669526,0.643618214,-0.002561186,0.000122895,3.790114864,0.083333333
Rikenellaceae_RC9_gut_group,1.70E-05,4.61E-05,1.05E-05,3.62E-05,0.580669526,0.643618214,-4.05E-05,2.35E-05,0.651185789,0.083333333
Solirubrobacter,2.61E-05,9.06E-05,9.02E-05,0.00029329,0.580669526,0.643618214,-6.80E-05,0.000254942,-1.748355425,-0.083333333
Subdoligranulum,0.000328156,0.00100776,6.14E-05,0.000188794,0.614750251,0.677508968,-0.000875954,0.000111161,2.398054903,0.104166667
Blastomonas,9.15E-06,3.17E-05,1.44E-05,3.51E-05,0.615302556,0.677508968,-2.22E-05,3.01E-05,-0.599451071,-0.076388889
Olsenella,7.84E-06,1.95E-05,5.23E-06,1.81E-05,0.615302556,0.677508968,-1.83E-05,1.05E-05,0.505624462,0.076388889
Ferrovibrio,2.22E-05,7.70E-05,1.57E-05,3.66E-05,0.651076634,0.707802199,-5.88E-05,3.14E-05,0.476847968,-0.069444444
Desulfovibrio,3.92E-06,1.36E-05,3.92E-06,9.75E-06,0.651291045,0.707802199,-9.15E-06,7.84E-06,-2.56E-15,-0.069444444
Methylobacterium-Methylorubrum,8.63E-05,0.000298911,7.71E-05,0.000214849,0.651291045,0.707802199,-0.000227487,0.000184343,0.159791455,-0.069444444
Mycoplasma,1.83E-05,4.72E-05,3.79E-05,0.000131339,0.651291045,0.707802199,-3.92E-05,0.000108514,-1.011441447,0.069444444
Phenylobacterium,1.05E-05,3.16E-05,2.48E-05,8.61E-05,0.651291045,0.707802199,-2.22E-05,7.32E-05,-1.173132952,0.069444444
Pseudolabrys,0.000351689,0.001218287,9.15E-05,0.000302507,0.651291045,0.707802199,-0.001047321,0.000262786,1.930597094,-0.069444444
Cutibacterium,0.005934264,0.008528317,0.00648337,0.016087709,0.721794319,0.782725008,-0.007877412,0.011758315,-0.12765415,0.090277778
Pseudomonas,0.016648363,0.041807721,0.004836053,0.015422797,0.76516583,0.827965618,-0.038881557,0.009062925,1.783266828,-0.069444444
Bacteroides,0.000384374,0.001292264,0.000337308,0.001124377,0.773576736,0.835262812,-0.001108671,0.000929558,0.187922818,0.0625
Phascolarctobacterium,0.001017153,0.003440385,0.000197417,0.0006448,0.775903046,0.835972959,-0.002979552,0.000400063,2.35934985,-0.055555556
Others,0.024127968,0.029968408,0.063135394,0.11667389,0.908052653,0.976254033,-0.017935885,0.115261217,-1.38770566,-0.034722222
Blautia,1.83E-05,3.95E-05,9.15E-05,0.000269408,0.969718092,1,-2.35E-05,0.000237979,-2.26086391,-0.013888889
Acidibacter,0.000307238,0.001064303,4.58E-05,0.000158513,1,1,-0.000921713,0.000137276,2.720733322,0.006944444
Acidothermus,2.75E-05,6.63E-05,0.000239253,0.000814088,1,1,-5.10E-05,0.000703378,-3.077787103,1.39E-17
Aliicoccus,0.000542569,0.001879513,2.61E-06,9.06E-06,1,1,-0.001627706,5.23E-06,7.232407221,0.006944444
Brevibacillus,2.61E-06,9.06E-06,2.61E-05,9.06E-05,1,1,-7.84E-06,7.84E-05,-2.908856763,-0.006944444
Bryobacter,7.84E-06,2.72E-05,8.76E-05,0.00030344,1,1,-1.57E-05,0.000262786,-3.324401524,-0.006944444
Candidatus_Koribacter,1.83E-05,6.34E-05,5.23E-06,1.81E-05,1,1,-5.49E-05,1.05E-05,1.631657845,0.006944444
Caulobacter,7.84E-06,2.72E-05,3.92E-06,1.36E-05,1,1,-2.35E-05,7.84E-06,0.845460461,0.006944444
Chujaibacter,0.000513806,0.001779876,3.92E-06,1.36E-05,1,1,-0.001541418,1.18E-05,6.708586751,0.006944444
Cloacibacterium,1.31E-06,4.53E-06,1.31E-06,4.53E-06,1,1,-3.92E-06,3.92E-06,0,1.16E-18
Conexibacter,0.000628857,0.002178424,4.84E-05,0.000167571,1,1,-0.00188657,9.80E-05,3.673212119,0.006944444
Deinococcus,5.88E-05,0.000203803,1.44E-05,4.98E-05,1,1,-0.000176498,4.31E-05,1.959754292,0.006944444
Dokdonella,1.70E-05,5.89E-05,8.63E-05,0.000298911,1,1,-5.10E-05,0.000258864,-2.278097376,-0.006944444
Enhydrobacter,7.84E-06,2.72E-05,5.23E-06,1.81E-05,1,1,-2.35E-05,1.57E-05,0.505624462,0.006944444
Erysipelotrichaceae_UCG-003,2.61E-06,9.06E-06,7.84E-06,2.72E-05,1,1,-7.84E-06,2.35E-05,-1.290847476,-0.006944444
Geobacillus,3.92E-06,1.36E-05,3.53E-05,0.000122282,1,1,-1.18E-05,0.000105899,-2.882585374,-0.006944444
Haliangium,0.000563487,0.001951977,3.66E-05,0.000126811,1,1,-0.001690461,0.000109821,3.907865542,0.006944444
Hyphomicrobium,1.05E-05,3.62E-05,6.54E-06,2.26E-05,1,1,-3.14E-05,1.96E-05,0.604443762,0.006944444
Lysobacter,2.61E-06,9.06E-06,3.40E-05,0.000117753,1,1,-5.23E-06,0.000101977,-3.275052413,-0.006944444
MND1,0.000196109,0.000679342,2.22E-05,7.70E-05,1,1,-0.000588328,6.67E-05,3.08520055,0.006944444
Nitrospira,0.000209183,0.000724632,3.14E-05,0.000108695,1,1,-0.000596956,6.28E-05,2.698584741,0.006944444
Novosphingobium,2.48E-05,8.61E-05,8.89E-05,0.000307968,1,1,-7.45E-05,0.000266709,-1.798732735,-0.006944444
Oscillibacter,0.000192187,0.000665755,6.54E-06,2.26E-05,1,1,-0.000576561,1.96E-05,4.67986903,0.006944444
Parasutterella,1.05E-05,3.62E-05,6.54E-06,2.26E-05,1,1,-3.14E-05,1.58E-05,0.604443762,0.006944444
Phreatobacter,0.000257557,0.000892203,1.31E-06,4.53E-06,1,1,-0.00077267,2.61E-06,6.808072345,0.006944444
Pirellula,5.10E-05,0.000176629,5.23E-06,1.81E-05,1,1,-0.000152965,1.57E-05,3.060983031,0.006944444
RB41,3.92E-06,1.36E-05,4.18E-05,0.000144926,1,1,-1.18E-05,0.00012551,-3.121474461,-0.006944444
Rhodanobacter,9.15E-06,3.17E-05,5.23E-06,1.81E-05,1,1,-2.75E-05,1.18E-05,0.704523748,0.006944444
Rubrobacter,0.000100669,0.000348729,3.92E-06,1.36E-05,1,1,-0.000302008,1.18E-05,4.368442969,0.006944444
Sphaerobacter,3.01E-05,0.000104166,7.84E-06,2.72E-05,1,1,-9.02E-05,1.57E-05,1.812694869,0.006944444
[Ruminococcus]_torques_group,9.15E-06,2.36E-05,2.75E-05,8.57E-05,1,1,-1.70E-05,7.19E-05,-1.486966532,-0.006944444
unidentified_Chitinophagaceae,1.18E-05,4.08E-05,1.31E-06,4.53E-06,1,1,-3.53E-05,3.92E-06,2.468032222,0.006944444
unidentified_Gemmatimonadaceae,1.57E-05,5.43E-05,3.66E-05,0.000126811,1,1,-4.71E-05,0.000109821,-1.172128476,-0.006944444
unidentified_Prevotellaceae,5.23E-06,1.81E-05,9.15E-06,3.17E-05,1,1,-1.18E-05,2.75E-05,-0.704523748,-0.006944444
unidentified_Vicinamibacterales,3.92E-06,1.36E-05,5.23E-06,1.81E-05,1,1,-7.84E-06,1.57E-05,-0.339836,-0.006944444
